CREATE SCHEMA IF NOT EXISTS `MyconianLuxury` ;

USE `MyconianLuxury` ;

CREATE TABLE IF NOT EXISTS `MyconianLuxury`.`blog` (
  `post_id` INT NOT NULL AUTO_INCREMENT,
  `author` VARCHAR(45) NOT NULL,
  `date` VARCHAR(45) NOT NULL,
  `category` VARCHAR(45) NOT NULL,
  `tags` VARCHAR(100),
  `cover` VARCHAR(45),
  `title` VARCHAR(100) NOT NULL,
  `description` VARCHAR(500) NOT NULL,
  `text1` VARCHAR(1000) NOT NULL,
  `image1` VARCHAR(45),
  `text2` VARCHAR(1000),
  `image2` VARCHAR(45),
  `text3` VARCHAR(1000),
  PRIMARY KEY (`post_id`))
ENGINE = InnoDB;

CREATE TABLE IF NOT EXISTS `MyconianLuxury`.`villas` (
  `villas_id` INT NOT NULL AUTO_INCREMENT,
  `villas_name` VARCHAR(100) NOT NULL,
  `cover` VARCHAR(200) NOT NULL DEFAULT '',
  `guests` INT NOT NULL,
  `rooms` INT NOT NULL,
  `baths` INT NOT NULL,
  `spec` VARCHAR(400) NOT NULL DEFAULT '',
  `amenities` VARCHAR(400) NOT NULL DEFAULT '',
  PRIMARY KEY (`villas_id`),
  UNIQUE KEY `villas_name` (villas_name)
) ENGINE = InnoDB;

CREATE TABLE IF NOT EXISTS `MyconianLuxury`.`villas_imgs` (
  `villas_imgs_id` INT NOT NULL AUTO_INCREMENT,
  `url` VARCHAR(200) NOT NULL DEFAULT '',
  `villas_name` VARCHAR(100) NOT NULL,
  PRIMARY KEY (`villas_imgs_id`)
) ENGINE = InnoDB;

INSERT INTO MyconianLuxury.villas (villas_name, cover, guests, rooms, baths, spec, amenities) 
VALUES 
('Aphrodite', 'http://localhost:3001/villas/cover/aphroditeCover.jpeg', 18, 9, 10, '1 bedroom with king sized bed*2 bedrooms with queen sized beds*6 bedrooms with double beds*3 levels villa*Fully equipped kitchen*2 private infinity pools*Jacuzzi for 8*Pool bar*Sea view', 'Transfer airport/villa & villa/airport*Wi-fi*Fireplace*Heating*Air-conditioning*BBQ grill*Flat screen TV in all bedrooms and living room*Dishwasher and washing machine*Hot tubs in all bedrooms*Pergola*Top quality towels and linens'),
('Artemis', 'http://localhost:3001/villas/cover/artemisCover.jpg', 8, 4, 4, '1 master bedroom with queen sized bed*1 bedroom with queen sized bed*1 bedroom with twin beds*1 bedroom with two single beds*2 levels villa*2 fully equipped kitchens*Private pool*Pergola*Sea view', 'Transfer airport/villa & villa/airport*Wi-fi*Air-conditioning*Ceiling fans in all rooms*Flat screen TV in all bedrooms and living room*BBQ grill*Safe box*Top quality towels and linens'),
('Astrea', 'http://localhost:3001/villas/cover/astreaCover.jpg', 12, 6, 6, '6 en-suite bedrooms*3 levels villa*2 outdoor lounge & dining areas*Fully equipped kitchen*Private pool*Sea view', 'Transfer airport/villa & villa/airport*Wi-fi*Air-conditioning*Smart TV*Bluetooth speakers*BBQ facilities*Laundry room*Safe box*Top quality towels and linens*Alarm system & security cameras'),
('Bia', 'http://localhost:3001/villas/cover/biaCover.jpg', 12, 6, 6, '3 master bedrooms with king size beds & en-suite with bathtubs*1 master bedroom with king size bed*1 master bedroom with two twin beds & en-suite*Pool house with a master bedroom with king size bed & en-suite*2 levels villa*Outdoor lounge & dining areas*Fully equipped kitchen*Private pool*Sea view', 'Transfer airport/villa & villa/airport*Wi-fi*Air-conditioning*TV*BBQ facilities*Fireplace*Storage / laundry room*Safe box*Top quality towels and linens'),
('Brizo', 'http://localhost:3001/villas/cover/brizoCover.jpg', 10, 5, 5, '3 master bedrooms with king size beds*1 guest room with queen size bed*1 guest studio with double bed*Outdoor lounge & dining areas*Fully equipped kitchen*Private pool*Jacuzzi*Pergola*Sea view', 'Transfer airport/villa & villa/airport*Wi-fi*Air-conditioning*Central heating*Flat Screen TV*BBQ facilities*Washing and drying machine*Safe box*Top quality towels and linens*Fire safety system'),
('Calypso', 'http://localhost:3001/villas/cover/calypsoCover.jpg', 14, 7, 8, '4 bedrooms*7 bathrooms + 1 WC*Outdoor lounge & dining areas*Fully equipped kitchen*Private infinity pool*Bar*Sea view', 'Transfer airport/villa & villa/airport*Wi-fi*Air-conditioning*Flat Screen TV*Netflix in the main living room TV*BBQ facilities*Dishwasher*Washing machine*Top quality towels and linens'),
('Cybele', 'http://localhost:3001/villas/cover/cybeleCover.jpg', 14, 7, 6, '8 bedrooms*7 bathrooms*3 levels villa*2 levels guest house*Infinity pool (sea water)*Jacuzzi*Fully equipped kitchen*Dining and lounge areas*Sea view', 'Transfer airport/villa & villa/airport*Wi-fi*Gym*BBQ facilities*Bathroom amenities*Indoor & outdoor sound system*Satellite TV*Private parking for 4 cars*Top quality towels and linens'),
('Demeter', 'http://localhost:3001/villas/cover/demeterCover.jpg', 20, 10, 10, '10 bedrooms*10 bathrooms + 2 WCs*Fully equipped kitchen*Private infinity pool*Outdoor dining area*Parking*Sea view', 'Transfer airport/villa & villa/airport*Wi-fi*TV*Air-conditioning*Tennis court*BBQ facilities*Top quality towels and linens'),
('Dione', 'http://localhost:3001/villas/cover/dioneCover.jpg', 8, 4, 4, '3 bedrooms with double beds*1 bedroom with sofa converted to double bed*Fully equipped kitchen*Private infinity pool*Sea view', 'Transfer airport/villa & villa/airport*Wi-fi*Air-conditioning*Top quality towels and linens'),
('Electra', 'http://localhost:3001/villas/cover/electraCover.jpg', 8, 2, 2, '1 bedroom with double bed*1 bedroom with double bunk bed*2 bathrooms + 1 WCs*Fully equipped kitchen*Private infinity pool*Sea view', 'Transfer airport/villa & villa/airport*Wi-fi*Air-conditioning*Top quality towels and linens'),
('Eos', 'http://localhost:3001/villas/cover/eosCover.jpg', 6, 3, 4, '3 master bedrooms*4 bathrooms*Fully equipped kitchen*Infinity shared pool', 'Transfer airport/villa & villa/airport*Wi-fi*Air-conditioning*Top quality towels and linens'),
('Erato', 'http://localhost:3001/villas/cover/eratoCover.jpg', 8, 4, 5, '4 bedrooms*Fully equipped kitchen*Private infinity pool*Jacuzzi for 7*Lounge area with bar*Fully equipped kitchen*Outdoor lounge and dining areas*Balcony & Terace*Sea view', 'Transfer airport/villa & villa/airport*Wi-fi*Flat screen TV*Dishwasher*Washing machine*Sono system*BBQ facilities*Air-conditioning in all rooms*Top quality towels and linens'),
('Gaia', 'http://localhost:3001/villas/cover/gaiaCover.jpg', 8, 4, 3, '4 bedrooms*3 bathrooms*Fully equipped kitchen*Private pool*Indoor & outdoor dining areas', 'Transfer airport/villa & villa/airport*Wi-fi*Air-conditioning*Washing machine & dishwasher*Top quality towels and linens'),
('Harmonia', 'http://localhost:3001/villas/cover/harmoniaCover.jpg', 8, 4, 4, '3 bedrooms with king size beds & en-suite*1 bedroom with double bed & en-suite*2 levels villa*Fully equipped kitchen*Private pool*Private terrace with lounge and sunbeds*Pergola*Sea view', 'Transfer airport/villa & villa/airport*Wi-fi*Cable/Satellite TV*Air-conditioning*BBQ facilities*Lounge & sunbeds*2 living rooms & 1 dining room*Top quality towels and linens'),
('Hera', 'http://localhost:3001/villas/cover/heraCover.jpg', 9, 5, 4, '5 bedrooms*4.5 bathrooms*Private infinity pool*Sea view', 'Transfer airport/villa & villa/airport*Wi-fi*Air-conditioning*Top quality towels and linens'),
('Irene', 'http://localhost:3001/villas/cover/ireneCover.jpg', 14, 7, 8, '6 master bedrooms with double beds & en-suite*8 bathrooms*2 levels villa*Fully equipped kitchen*Private pool*Jacuzzi for 6*Balcony/Veranda*Outdoor lounge and dining areas*Parking*Sea view', 'Transfer airport/villa & villa/airport*Wi-fi*Air-conditioning*Flat screen TVs*Netflix in the main living room TV*Alarm system & security cameras*Sound system*Closets*Gym*BBQ facilities*Dishwasher*Top quality towels and linens'),
('Iris', 'http://localhost:3001/villas/cover/irisCover.jpg', 16, 8, 9, '7 master bedrooms with double beds & en-suite*9 bathrooms*2 levels villa*Fully equipped kitchen*Private infinity pool*Jacuzzi for 6*Balcony/Veranda*Outdoor lounge and dining areas*Parking*Sea view', 'Transfer airport/villa & villa/airport*Wi-fi*Air-conditioning*Flat screen TVs*Netflix in the main living room TV*Alarm system & security cameras*Sound system*Closets*Gym*Dishwasher*BBQ facilities*Top quality towels and linens'),
('Keres', 'http://localhost:3001/villas/cover/keresCover.jpg', 14, 7, 6, '7 bedrooms*6 bathrooms*2 levels villa*Fully equipped kitchen*2 private pools*Outdoor lounge and dining areas*Parking*Sea view', 'Transfer airport/villa & villa/airport*Wi-fi*Air-conditioning*Cable TV*Security alarm*Sound system*Gym*BBQ facilities*Top quality towels and linens'),
('Maia', 'http://localhost:3001/villas/cover/maiaCover.jpg', 6, 3, 3, '3 bedrooms*3 bathrooms*Private infinity pool*Sea view', 'Transfer airport/villa & villa/airport*Wi-fi*Air-conditioning*Top quality towels and linens'),
('Nix', 'http://localhost:3001/villas/cover/nixCover.jpg', 10, 5, 3, '5 bedrooms with double beds*6 bathrooms*2 levels villa*Fully equipped kitchen*Private infinity pool*Jacuzzi for 6*Outdoor lounge and dining areas*Balcony/Veranda*Parking*Panoramic view*Sea view', 'Transfer airport/villa & villa/airport*Wi-fi*Air-conditioning*Flat screen TVs*Netflix in the main living room TV*Alarm system & security cameras*Sound system*Closets*Dishwasher*BBQ facilities*Top quality towels and linens'),
('Persephone', 'http://localhost:3001/villas/cover/persephoneCover.jpg', 14, 6, 6, '6 master bedrooms with double beds & en-suite*6 bathrooms + 1 WC*2 levels villa & 2 guest houses*Fully equipped kitchen*Private pool*Outdoor dining area with pergola*Parking*Sea view', 'Transfer airport/villa & villa/airport*Wi-fi*Air-conditioning*Smart TV*Alarm system*Indoor & outdoor audio system*Sunbeds & umbrellas*Top quality towels and linens'),
('Phoebe', 'http://localhost:3001/villas/cover/phoebeCover.jpg', 8, 4, 4, '1 master bedroom with spacious bathroom*3 double bedrooms with en-suite bathrooms*2 levels villa & 2 guest houses*Fully equipped kitchen*Private pool*Outdoor lounge and dining areas*Pergola*Sea view', 'Transfer airport/villa & villa/airport*Wi-fi*Air-conditioning*Smart TVs*Alarm system & security cameras*Micro-farm with local crops*BBQ facilities*Top quality towels and linens'),
('Selene', 'http://localhost:3001/villas/cover/seleneCover.jpg', 10, 5, 4, '1 master bedroom with king size bed*3 bedrooms with queen size beds*1 bedroom with 2 single beds*4 bathrooms*Fully equipped kitchen*Private pool*Parking*Sea view', 'Transfer airport/villa & villa/airport*Wi-fi*Air-conditioning*TVs in every bedroom & living room*Music surround all over pool area*Dishwasher*Fireplace*Top quality towels and linens'),
('Thalassa', 'http://localhost:3001/villas/cover/thalassaCover.jpg', 10, 5, 5, '5 en-suite bedrooms with double beds*5 bathrooms + guest WC*2 levels villa + 1 guest house*Fully equipped kitchen*Private pool*Outdoor dining area with pergola*Parking*Sea view', 'Transfer airport/villa & villa/airport*Wi-fi*Air-conditioning*Satellite TV*Sound system*Fireplace*BBQ facilities*Top quality towels and linens');

INSERT INTO MyconianLuxury.villas_imgs (url, villas_name) 
VALUES 
('http://localhost:3001/villas/Aphrodite/aphrodite01.jpg', 'Aphrodite'),
('http://localhost:3001/villas/Aphrodite/aphrodite02.jpg', 'Aphrodite'),
('http://localhost:3001/villas/Aphrodite/aphrodite03.jpg', 'Aphrodite'),
('http://localhost:3001/villas/Aphrodite/aphrodite04.jpg', 'Aphrodite'),
('http://localhost:3001/villas/Aphrodite/aphrodite05.jpg', 'Aphrodite'),
('http://localhost:3001/villas/Aphrodite/aphrodite06.jpg', 'Aphrodite'),
('http://localhost:3001/villas/Aphrodite/aphrodite07.jpg', 'Aphrodite'),
('http://localhost:3001/villas/Aphrodite/aphrodite08.jpg', 'Aphrodite'),
('http://localhost:3001/villas/Aphrodite/aphrodite09.jpg', 'Aphrodite'),
('http://localhost:3001/villas/Aphrodite/aphrodite10.jpg', 'Aphrodite'),
('http://localhost:3001/villas/Aphrodite/aphrodite12.jpg', 'Aphrodite'),
('http://localhost:3001/villas/Aphrodite/aphrodite13.jpg', 'Aphrodite'),
('http://localhost:3001/villas/Aphrodite/aphrodite14.jpg', 'Aphrodite'),
('http://localhost:3001/villas/Aphrodite/aphrodite15.jpg', 'Aphrodite'),
('http://localhost:3001/villas/Aphrodite/aphrodite16.jpg', 'Aphrodite'),
('http://localhost:3001/villas/Aphrodite/aphrodite17.jpg', 'Aphrodite'),
('http://localhost:3001/villas/Aphrodite/aphrodite18.jpg', 'Aphrodite'),
('http://localhost:3001/villas/Aphrodite/aphrodite19.jpg', 'Aphrodite'),
('http://localhost:3001/villas/Aphrodite/aphrodite20.jpg', 'Aphrodite'),
('http://localhost:3001/villas/Aphrodite/aphrodite21.jpg', 'Aphrodite'),
('http://localhost:3001/villas/Aphrodite/aphrodite22.jpg', 'Aphrodite'),
('http://localhost:3001/villas/Aphrodite/aphrodite23.jpg', 'Aphrodite'),
('http://localhost:3001/villas/Aphrodite/aphrodite24.jpg', 'Aphrodite'),
('http://localhost:3001/villas/Aphrodite/aphrodite25.jpg', 'Aphrodite'),
('http://localhost:3001/villas/Artemis/artemis01.jpg', 'Artemis'),
('http://localhost:3001/villas/Artemis/artemis02.jpg', 'Artemis'),
('http://localhost:3001/villas/Artemis/artemis03.jpg', 'Artemis'),
('http://localhost:3001/villas/Artemis/artemis04.jpg', 'Artemis'),
('http://localhost:3001/villas/Artemis/artemis05.jpg', 'Artemis'),
('http://localhost:3001/villas/Artemis/artemis06.jpg', 'Artemis'),
('http://localhost:3001/villas/Artemis/artemis07.jpg', 'Artemis'),
('http://localhost:3001/villas/Artemis/artemis08.jpg', 'Artemis'),
('http://localhost:3001/villas/Artemis/artemis09.jpg', 'Artemis'),
('http://localhost:3001/villas/Artemis/artemis10.jpg', 'Artemis'),
('http://localhost:3001/villas/Artemis/artemis11.jpg', 'Artemis'),
('http://localhost:3001/villas/Artemis/artemis12.jpg', 'Artemis'),
('http://localhost:3001/villas/Artemis/artemis13.jpg', 'Artemis'),
('http://localhost:3001/villas/Artemis/artemis14.jpg', 'Artemis'),
('http://localhost:3001/villas/Artemis/artemis15.jpg', 'Artemis'),
('http://localhost:3001/villas/Artemis/artemis16.jpg', 'Artemis'),
('http://localhost:3001/villas/Astrea/astrea01.jpg', 'Astrea'),
('http://localhost:3001/villas/Astrea/astrea02.jpg', 'Astrea'),
('http://localhost:3001/villas/Astrea/astrea03.jpg', 'Astrea'),
('http://localhost:3001/villas/Astrea/astrea04.jpg', 'Astrea'),
('http://localhost:3001/villas/Astrea/astrea05.jpg', 'Astrea'),
('http://localhost:3001/villas/Astrea/astrea06.jpg', 'Astrea'),
('http://localhost:3001/villas/Astrea/astrea07.jpg', 'Astrea'),
('http://localhost:3001/villas/Astrea/astrea08.jpg', 'Astrea'),
('http://localhost:3001/villas/Astrea/astrea09.jpg', 'Astrea'),
('http://localhost:3001/villas/Astrea/astrea10.jpg', 'Astrea'),
('http://localhost:3001/villas/Astrea/astrea11.jpg', 'Astrea'),
('http://localhost:3001/villas/Astrea/astrea12.jpg', 'Astrea'),
('http://localhost:3001/villas/Astrea/astrea13.jpg', 'Astrea'),
('http://localhost:3001/villas/Astrea/astrea14.jpg', 'Astrea'),
('http://localhost:3001/villas/Astrea/astrea15.jpg', 'Astrea'),
('http://localhost:3001/villas/Astrea/astrea16.jpg', 'Astrea'),
('http://localhost:3001/villas/Astrea/astrea17.jpg', 'Astrea'),
('http://localhost:3001/villas/Astrea/astrea18.jpg', 'Astrea'),
('http://localhost:3001/villas/Astrea/astrea19.jpg', 'Astrea'),
('http://localhost:3001/villas/Astrea/astrea20.jpg', 'Astrea'),
('http://localhost:3001/villas/Astrea/astrea21.jpg', 'Astrea'),
('http://localhost:3001/villas/Astrea/astrea22.jpg', 'Astrea'),
('http://localhost:3001/villas/Astrea/astrea23.jpg', 'Astrea'),
('http://localhost:3001/villas/Astrea/astrea24.jpg', 'Astrea'),
('http://localhost:3001/villas/Astrea/astrea25.jpg', 'Astrea'),
('http://localhost:3001/villas/Bia/bia01.jpg', 'Bia'),
('http://localhost:3001/villas/Bia/bia02.jpg', 'Bia'),
('http://localhost:3001/villas/Bia/bia03.jpg', 'Bia'),
('http://localhost:3001/villas/Bia/bia04.jpg', 'Bia'),
('http://localhost:3001/villas/Bia/bia05.jpg', 'Bia'),
('http://localhost:3001/villas/Bia/bia06.jpg', 'Bia'),
('http://localhost:3001/villas/Bia/bia07.jpg', 'Bia'),
('http://localhost:3001/villas/Bia/bia08.jpg', 'Bia'),
('http://localhost:3001/villas/Bia/bia09.jpg', 'Bia'),
('http://localhost:3001/villas/Bia/bia10.jpg', 'Bia'),
('http://localhost:3001/villas/Bia/bia11.jpg', 'Bia'),
('http://localhost:3001/villas/Bia/bia12.jpg', 'Bia'),
('http://localhost:3001/villas/Bia/bia13.jpg', 'Bia'),
('http://localhost:3001/villas/Bia/bia14.jpg', 'Bia'),
('http://localhost:3001/villas/Bia/bia15.jpg', 'Bia'),
('http://localhost:3001/villas/Bia/bia16.jpg', 'Bia'),
('http://localhost:3001/villas/Bia/bia17.jpg', 'Bia'),
('http://localhost:3001/villas/Bia/bia18.jpg', 'Bia'),
('http://localhost:3001/villas/Bia/bia19.jpg', 'Bia'),
('http://localhost:3001/villas/Bia/bia20.jpg', 'Bia'),
('http://localhost:3001/villas/Bia/bia21.jpg', 'Bia'),
('http://localhost:3001/villas/Bia/bia22.jpg', 'Bia'),
('http://localhost:3001/villas/Brizo/brizo01.jpg', 'Brizo'),
('http://localhost:3001/villas/Brizo/brizo02.jpg', 'Brizo'),
('http://localhost:3001/villas/Brizo/brizo03.jpg', 'Brizo'),
('http://localhost:3001/villas/Brizo/brizo04.jpg', 'Brizo'),
('http://localhost:3001/villas/Brizo/brizo05.jpg', 'Brizo'),
('http://localhost:3001/villas/Brizo/brizo06.jpg', 'Brizo'),
('http://localhost:3001/villas/Brizo/brizo07.jpg', 'Brizo'),
('http://localhost:3001/villas/Brizo/brizo08.jpg', 'Brizo'),
('http://localhost:3001/villas/Brizo/brizo09.jpg', 'Brizo'),
('http://localhost:3001/villas/Brizo/brizo10.jpg', 'Brizo'),
('http://localhost:3001/villas/Brizo/brizo11.jpg', 'Brizo'),
('http://localhost:3001/villas/Brizo/brizo12.jpg', 'Brizo'),
('http://localhost:3001/villas/Brizo/brizo13.jpg', 'Brizo'),
('http://localhost:3001/villas/Brizo/brizo14.jpg', 'Brizo'),
('http://localhost:3001/villas/Brizo/brizo15.jpg', 'Brizo'),
('http://localhost:3001/villas/Brizo/brizo16.jpg', 'Brizo'),
('http://localhost:3001/villas/Brizo/brizo17.jpg', 'Brizo'),
('http://localhost:3001/villas/Brizo/brizo18.jpg', 'Brizo'),
('http://localhost:3001/villas/Brizo/brizo19.jpg', 'Brizo'),
('http://localhost:3001/villas/Brizo/brizo20.jpg', 'Brizo'),
('http://localhost:3001/villas/Calypso/calypso01.jpg', 'Calypso'),
('http://localhost:3001/villas/Calypso/calypso02.jpg', 'Calypso'),
('http://localhost:3001/villas/Calypso/calypso03.jpg', 'Calypso'),
('http://localhost:3001/villas/Calypso/calypso04.jpg', 'Calypso'),
('http://localhost:3001/villas/Calypso/calypso05.jpg', 'Calypso'),
('http://localhost:3001/villas/Calypso/calypso06.jpg', 'Calypso'),
('http://localhost:3001/villas/Calypso/calypso07.jpg', 'Calypso'),
('http://localhost:3001/villas/Calypso/calypso08.jpg', 'Calypso'),
('http://localhost:3001/villas/Calypso/calypso09.jpg', 'Calypso'),
('http://localhost:3001/villas/Calypso/calypso10.jpg', 'Calypso'),
('http://localhost:3001/villas/Calypso/calypso11.jpg', 'Calypso'),
('http://localhost:3001/villas/Calypso/calypso12.jpg', 'Calypso'),
('http://localhost:3001/villas/Calypso/calypso13.jpg', 'Calypso'),
('http://localhost:3001/villas/Calypso/calypso14.jpg', 'Calypso'),
('http://localhost:3001/villas/Calypso/calypso15.jpg', 'Calypso'),
('http://localhost:3001/villas/Calypso/calypso16.jpg', 'Calypso'),
('http://localhost:3001/villas/Calypso/calypso17.jpg', 'Calypso'),
('http://localhost:3001/villas/Cybele/cybele01.jpg', 'Cybele'),
('http://localhost:3001/villas/Cybele/cybele02.jpg', 'Cybele'),
('http://localhost:3001/villas/Cybele/cybele03.jpg', 'Cybele'),
('http://localhost:3001/villas/Cybele/cybele04.jpg', 'Cybele'),
('http://localhost:3001/villas/Cybele/cybele05.jpg', 'Cybele'),
('http://localhost:3001/villas/Cybele/cybele06.jpg', 'Cybele'),
('http://localhost:3001/villas/Cybele/cybele07.jpg', 'Cybele'),
('http://localhost:3001/villas/Cybele/cybele08.jpg', 'Cybele'),
('http://localhost:3001/villas/Cybele/cybele09.jpg', 'Cybele'),
('http://localhost:3001/villas/Cybele/cybele10.jpg', 'Cybele'),
('http://localhost:3001/villas/Cybele/cybele11.jpg', 'Cybele'),
('http://localhost:3001/villas/Cybele/cybele12.jpg', 'Cybele'),
('http://localhost:3001/villas/Cybele/cybele13.jpg', 'Cybele'),
('http://localhost:3001/villas/Cybele/cybele14.jpg', 'Cybele'),
('http://localhost:3001/villas/Cybele/cybele15.jpg', 'Cybele'),
('http://localhost:3001/villas/Cybele/cybele16.jpg', 'Cybele'),
('http://localhost:3001/villas/Cybele/cybele17.jpg', 'Cybele'),
('http://localhost:3001/villas/Cybele/cybele18.jpg', 'Cybele'),
('http://localhost:3001/villas/Cybele/cybele19.jpg', 'Cybele'),
('http://localhost:3001/villas/Cybele/cybele20.jpg', 'Cybele'),
('http://localhost:3001/villas/Cybele/cybele21.jpg', 'Cybele'),
('http://localhost:3001/villas/Cybele/cybele22.jpg', 'Cybele'),
('http://localhost:3001/villas/Cybele/cybele23.jpg', 'Cybele'),
('http://localhost:3001/villas/Demeter/demeter01.jpg', 'Demeter'),
('http://localhost:3001/villas/Dione/dione01.jpg', 'Dione'),
('http://localhost:3001/villas/Electra/electra01.jpg', 'Electra'),
('http://localhost:3001/villas/Eos/eos01.jpg', 'Eos'),
('http://localhost:3001/villas/Erato/erato01.jpg', 'Erato'),
('http://localhost:3001/villas/Erato/erato02.jpg', 'Erato'),
('http://localhost:3001/villas/Erato/erato03.jpg', 'Erato'),
('http://localhost:3001/villas/Erato/erato04.jpg', 'Erato'),
('http://localhost:3001/villas/Erato/erato05.jpg', 'Erato'),
('http://localhost:3001/villas/Erato/erato06.jpg', 'Erato'),
('http://localhost:3001/villas/Erato/erato07.jpg', 'Erato'),
('http://localhost:3001/villas/Erato/erato08.jpg', 'Erato'),
('http://localhost:3001/villas/Erato/erato09.jpg', 'Erato'),
('http://localhost:3001/villas/Erato/erato10.jpg', 'Erato'),
('http://localhost:3001/villas/Erato/erato11.jpg', 'Erato'),
('http://localhost:3001/villas/Erato/erato12.jpg', 'Erato'),
('http://localhost:3001/villas/Erato/erato13.jpg', 'Erato'),
('http://localhost:3001/villas/Erato/erato14.jpg', 'Erato'),
('http://localhost:3001/villas/Erato/erato15.jpg', 'Erato'),
('http://localhost:3001/villas/Erato/erato16.jpg', 'Erato'),
('http://localhost:3001/villas/Erato/erato17.jpg', 'Erato'),
('http://localhost:3001/villas/Erato/erato18.jpg', 'Erato'),
('http://localhost:3001/villas/Gaia/gaia01.jpg', 'Gaia'),
('http://localhost:3001/villas/Harmonia/harmonia01.jpg', 'Harmonia'),
('http://localhost:3001/villas/Harmonia/harmonia02.jpg', 'Harmonia'),
('http://localhost:3001/villas/Harmonia/harmonia03.jpg', 'Harmonia'),
('http://localhost:3001/villas/Harmonia/harmonia04.jpg', 'Harmonia'),
('http://localhost:3001/villas/Harmonia/harmonia05.jpg', 'Harmonia'),
('http://localhost:3001/villas/Harmonia/harmonia06.jpg', 'Harmonia'),
('http://localhost:3001/villas/Harmonia/harmonia07.jpg', 'Harmonia'),
('http://localhost:3001/villas/Harmonia/harmonia08.jpg', 'Harmonia'),
('http://localhost:3001/villas/Harmonia/harmonia09.jpg', 'Harmonia'),
('http://localhost:3001/villas/Harmonia/harmonia10.jpg', 'Harmonia'),
('http://localhost:3001/villas/Harmonia/harmonia11.jpg', 'Harmonia'),
('http://localhost:3001/villas/Harmonia/harmonia12.jpg', 'Harmonia'),
('http://localhost:3001/villas/Harmonia/harmonia13.jpg', 'Harmonia'),
('http://localhost:3001/villas/Harmonia/harmonia14.jpg', 'Harmonia'),
('http://localhost:3001/villas/Harmonia/harmonia15.jpg', 'Harmonia'),
('http://localhost:3001/villas/Harmonia/harmonia16.jpg', 'Harmonia'),
('http://localhost:3001/villas/Hera/hera01.jpg', 'Hera'),
('http://localhost:3001/villas/Irene/irene01.jpg', 'Irene'),
('http://localhost:3001/villas/Irene/irene02.jpg', 'Irene'),
('http://localhost:3001/villas/Irene/irene03.jpg', 'Irene'),
('http://localhost:3001/villas/Irene/irene04.jpg', 'Irene'),
('http://localhost:3001/villas/Irene/irene05.jpg', 'Irene'),
('http://localhost:3001/villas/Irene/irene06.jpg', 'Irene'),
('http://localhost:3001/villas/Irene/irene07.jpg', 'Irene'),
('http://localhost:3001/villas/Irene/irene08.jpg', 'Irene'),
('http://localhost:3001/villas/Irene/irene09.jpg', 'Irene'),
('http://localhost:3001/villas/Irene/irene10.jpg', 'Irene'),
('http://localhost:3001/villas/Irene/irene11.jpg', 'Irene'),
('http://localhost:3001/villas/Irene/irene12.jpg', 'Irene'),
('http://localhost:3001/villas/Irene/irene13.jpg', 'Irene'),
('http://localhost:3001/villas/Irene/irene14.jpg', 'Irene'),
('http://localhost:3001/villas/Irene/irene15.jpg', 'Irene'),
('http://localhost:3001/villas/Irene/irene16.jpg', 'Irene'),
('http://localhost:3001/villas/Irene/irene17.jpg', 'Irene'),
('http://localhost:3001/villas/Irene/irene18.jpg', 'Irene'),
('http://localhost:3001/villas/Irene/irene19.jpg', 'Irene'),
('http://localhost:3001/villas/Irene/irene20.jpg', 'Irene'),
('http://localhost:3001/villas/Irene/irene21.jpg', 'Irene'),
('http://localhost:3001/villas/Irene/irene22.jpg', 'Irene'),
('http://localhost:3001/villas/Irene/irene23.jpg', 'Irene'),
('http://localhost:3001/villas/Irene/irene24.jpg', 'Irene'),
('http://localhost:3001/villas/Irene/irene25.jpg', 'Irene'),
('http://localhost:3001/villas/Irene/irene26.jpg', 'Irene'),
('http://localhost:3001/villas/Irene/irene27.jpg', 'Irene'),
('http://localhost:3001/villas/Iris/iris01.jpg', 'Iris'),
('http://localhost:3001/villas/Iris/iris02.jpg', 'Iris'),
('http://localhost:3001/villas/Iris/iris03.jpg', 'Iris'),
('http://localhost:3001/villas/Iris/iris04.jpg', 'Iris'),
('http://localhost:3001/villas/Iris/iris05.jpg', 'Iris'),
('http://localhost:3001/villas/Iris/iris06.jpg', 'Iris'),
('http://localhost:3001/villas/Iris/iris07.jpg', 'Iris'),
('http://localhost:3001/villas/Iris/iris08.jpg', 'Iris'),
('http://localhost:3001/villas/Iris/iris09.jpg', 'Iris'),
('http://localhost:3001/villas/Iris/iris10.jpg', 'Iris'),
('http://localhost:3001/villas/Iris/iris11.jpg', 'Iris'),
('http://localhost:3001/villas/Iris/iris12.jpg', 'Iris'),
('http://localhost:3001/villas/Iris/iris13.jpg', 'Iris'),
('http://localhost:3001/villas/Iris/iris14.jpg', 'Iris'),
('http://localhost:3001/villas/Iris/iris15.jpg', 'Iris'),
('http://localhost:3001/villas/Iris/iris16.jpg', 'Iris'),
('http://localhost:3001/villas/Iris/iris17.jpg', 'Iris'),
('http://localhost:3001/villas/Iris/iris18.jpg', 'Iris'),
('http://localhost:3001/villas/Iris/iris19.jpg', 'Iris'),
('http://localhost:3001/villas/Iris/iris20.jpg', 'Iris'),
('http://localhost:3001/villas/Keres/keres01.jpg', 'Keres'),
('http://localhost:3001/villas/Keres/keres02.jpg', 'Keres'),
('http://localhost:3001/villas/Keres/keres03.jpg', 'Keres'),
('http://localhost:3001/villas/Keres/keres04.jpg', 'Keres'),
('http://localhost:3001/villas/Keres/keres05.jpg', 'Keres'),
('http://localhost:3001/villas/Keres/keres06.jpg', 'Keres'),
('http://localhost:3001/villas/Keres/keres07.jpg', 'Keres'),
('http://localhost:3001/villas/Keres/keres08.jpg', 'Keres'),
('http://localhost:3001/villas/Keres/keres09.jpg', 'Keres'),
('http://localhost:3001/villas/Keres/keres10.jpg', 'Keres'),
('http://localhost:3001/villas/Keres/keres11.jpg', 'Keres'),
('http://localhost:3001/villas/Keres/keres12.jpg', 'Keres'),
('http://localhost:3001/villas/Keres/keres13.jpg', 'Keres'),
('http://localhost:3001/villas/Maia/maia01.jpg', 'Maia'),
('http://localhost:3001/villas/Nix/nix01.jpg', 'Nix'),
('http://localhost:3001/villas/Nix/nix02.jpg', 'Nix'),
('http://localhost:3001/villas/Nix/nix03.jpg', 'Nix'),
('http://localhost:3001/villas/Nix/nix04.jpg', 'Nix'),
('http://localhost:3001/villas/Nix/nix05.jpg', 'Nix'),
('http://localhost:3001/villas/Nix/nix06.jpg', 'Nix'),
('http://localhost:3001/villas/Nix/nix07.jpg', 'Nix'),
('http://localhost:3001/villas/Nix/nix08.jpg', 'Nix'),
('http://localhost:3001/villas/Nix/nix09.jpg', 'Nix'),
('http://localhost:3001/villas/Nix/nix10.jpg', 'Nix'),
('http://localhost:3001/villas/Nix/nix11.jpg', 'Nix'),
('http://localhost:3001/villas/Nix/nix12.jpg', 'Nix'),
('http://localhost:3001/villas/Nix/nix13.jpg', 'Nix'),
('http://localhost:3001/villas/Nix/nix14.jpg', 'Nix'),
('http://localhost:3001/villas/Nix/nix15.jpg', 'Nix'),
('http://localhost:3001/villas/Nix/nix16.jpg', 'Nix'),
('http://localhost:3001/villas/Nix/nix17.jpg', 'Nix'),
('http://localhost:3001/villas/Nix/nix18.jpg', 'Nix'),
('http://localhost:3001/villas/Nix/nix19.jpg', 'Nix'),
('http://localhost:3001/villas/Persephone/persephone01.jpg', 'Persephone'),
('http://localhost:3001/villas/Persephone/persephone02.jpg', 'Persephone'),
('http://localhost:3001/villas/Persephone/persephone03.jpg', 'Persephone'),
('http://localhost:3001/villas/Persephone/persephone04.jpg', 'Persephone'),
('http://localhost:3001/villas/Persephone/persephone05.jpg', 'Persephone'),
('http://localhost:3001/villas/Persephone/persephone06.jpg', 'Persephone'),
('http://localhost:3001/villas/Persephone/persephone07.jpg', 'Persephone'),
('http://localhost:3001/villas/Persephone/persephone08.jpg', 'Persephone'),
('http://localhost:3001/villas/Persephone/persephone09.jpg', 'Persephone'),
('http://localhost:3001/villas/Persephone/persephone10.jpg', 'Persephone'),
('http://localhost:3001/villas/Persephone/persephone11.jpg', 'Persephone'),
('http://localhost:3001/villas/Persephone/persephone12.jpg', 'Persephone'),
('http://localhost:3001/villas/Persephone/persephone13.jpg', 'Persephone'),
('http://localhost:3001/villas/Persephone/persephone14.jpg', 'Persephone'),
('http://localhost:3001/villas/Persephone/persephone15.jpg', 'Persephone'),
('http://localhost:3001/villas/Persephone/persephone16.jpg', 'Persephone'),
('http://localhost:3001/villas/Persephone/persephone17.jpg', 'Persephone'),
('http://localhost:3001/villas/Persephone/persephone18.jpg', 'Persephone'),
('http://localhost:3001/villas/Persephone/persephone19.jpg', 'Persephone'),
('http://localhost:3001/villas/Persephone/persephone20.jpg', 'Persephone'),
('http://localhost:3001/villas/Phoebe/phoebe01.jpg', 'Phoebe'),
('http://localhost:3001/villas/Phoebe/phoebe02.jpg', 'Phoebe'),
('http://localhost:3001/villas/Phoebe/phoebe03.jpg', 'Phoebe'),
('http://localhost:3001/villas/Phoebe/phoebe04.jpg', 'Phoebe'),
('http://localhost:3001/villas/Phoebe/phoebe05.jpg', 'Phoebe'),
('http://localhost:3001/villas/Phoebe/phoebe06.jpg', 'Phoebe'),
('http://localhost:3001/villas/Phoebe/phoebe07.jpg', 'Phoebe'),
('http://localhost:3001/villas/Phoebe/phoebe08.jpg', 'Phoebe'),
('http://localhost:3001/villas/Phoebe/phoebe09.jpg', 'Phoebe'),
('http://localhost:3001/villas/Phoebe/phoebe10.jpg', 'Phoebe'),
('http://localhost:3001/villas/Phoebe/phoebe11.jpg', 'Phoebe'),
('http://localhost:3001/villas/Phoebe/phoebe12.jpg', 'Phoebe'),
('http://localhost:3001/villas/Phoebe/phoebe13.jpg', 'Phoebe'),
('http://localhost:3001/villas/Phoebe/phoebe14.jpg', 'Phoebe'),
('http://localhost:3001/villas/Phoebe/phoebe15.jpg', 'Phoebe'),
('http://localhost:3001/villas/Phoebe/phoebe16.jpg', 'Phoebe'),
('http://localhost:3001/villas/Phoebe/phoebe17.jpg', 'Phoebe'),
('http://localhost:3001/villas/Phoebe/phoebe18.jpg', 'Phoebe'),
('http://localhost:3001/villas/Phoebe/phoebe19.jpg', 'Phoebe'),
('http://localhost:3001/villas/Phoebe/phoebe20.jpg', 'Phoebe'),
('http://localhost:3001/villas/Phoebe/phoebe21.jpg', 'Phoebe'),
('http://localhost:3001/villas/Selene/selene01.jpg', 'Selene'),
('http://localhost:3001/villas/Selene/selene02.jpg', 'Selene'),
('http://localhost:3001/villas/Selene/selene03.jpg', 'Selene'),
('http://localhost:3001/villas/Selene/selene04.jpg', 'Selene'),
('http://localhost:3001/villas/Selene/selene05.jpg', 'Selene'),
('http://localhost:3001/villas/Selene/selene06.jpg', 'Selene'),
('http://localhost:3001/villas/Selene/selene07.jpg', 'Selene'),
('http://localhost:3001/villas/Selene/selene08.jpg', 'Selene'),
('http://localhost:3001/villas/Selene/selene09.jpg', 'Selene'),
('http://localhost:3001/villas/Selene/selene10.jpg', 'Selene'),
('http://localhost:3001/villas/Selene/selene11.jpg', 'Selene'),
('http://localhost:3001/villas/Selene/selene12.jpg', 'Selene'),
('http://localhost:3001/villas/Selene/selene13.jpg', 'Selene'),
('http://localhost:3001/villas/Selene/selene14.jpg', 'Selene'),
('http://localhost:3001/villas/Thalassa/thalassa01.jpg', 'Thalassa'),
('http://localhost:3001/villas/Thalassa/thalassa02.jpg', 'Thalassa'),
('http://localhost:3001/villas/Thalassa/thalassa03.jpg', 'Thalassa'),
('http://localhost:3001/villas/Thalassa/thalassa04.jpg', 'Thalassa'),
('http://localhost:3001/villas/Thalassa/thalassa05.jpg', 'Thalassa'),
('http://localhost:3001/villas/Thalassa/thalassa06.jpg', 'Thalassa'),
('http://localhost:3001/villas/Thalassa/thalassa07.jpg', 'Thalassa'),
('http://localhost:3001/villas/Thalassa/thalassa08.jpg', 'Thalassa'),
('http://localhost:3001/villas/Thalassa/thalassa09.jpg', 'Thalassa'),
('http://localhost:3001/villas/Thalassa/thalassa10.jpg', 'Thalassa'),
('http://localhost:3001/villas/Thalassa/thalassa11.jpg', 'Thalassa'),
('http://localhost:3001/villas/Thalassa/thalassa12.jpg', 'Thalassa'),
('http://localhost:3001/villas/Thalassa/thalassa13.jpg', 'Thalassa'),
('http://localhost:3001/villas/Thalassa/thalassa14.jpg', 'Thalassa'),
('http://localhost:3001/villas/Thalassa/thalassa15.jpg', 'Thalassa'),
('http://localhost:3001/villas/Thalassa/thalassa16.jpg', 'Thalassa'),
('http://localhost:3001/villas/Thalassa/thalassa17.jpg', 'Thalassa'),
('http://localhost:3001/villas/Thalassa/thalassa18.jpg', 'Thalassa'),
('http://localhost:3001/villas/Thalassa/thalassa19.jpg', 'Thalassa');

CREATE TABLE IF NOT EXISTS `MyconianLuxury`.`yachts` (
  `yachts_id` INT NOT NULL AUTO_INCREMENT,
  `yachts_name` VARCHAR(100) NOT NULL,
  `cover` VARCHAR(200) NOT NULL DEFAULT '',
  `guests` INT NOT NULL,
  `cabins` INT NOT NULL,
  `crew` INT NOT NULL,
  `spec` VARCHAR(400) NOT NULL DEFAULT '',
  `amenities` VARCHAR(400) NOT NULL DEFAULT '',
  PRIMARY KEY (`yachts_id`),
  UNIQUE KEY `yachts_name` (yachts_name)
) ENGINE = InnoDB;

CREATE TABLE IF NOT EXISTS `MyconianLuxury`.`yachts_imgs` (
  `yachts_imgs_id` INT NOT NULL AUTO_INCREMENT,
  `url` VARCHAR(200) NOT NULL DEFAULT '',
  `yachts_name` VARCHAR(100) NOT NULL,
  PRIMARY KEY (`yachts_imgs_id`)
) ENGINE = InnoDB;

INSERT INTO MyconianLuxury.yachts (yachts_name, cover, guests, cabins, crew, spec, amenities) 
VALUES 
('Alphamarine 50', 'http://localhost:3001/yachts/cover/alphamarine50Cover.jpeg', '23 daily 4 weekly', 3, 2, 'Refit: 2012*Lenght: 15,25m / 50 ft*Beam: 4,3m*Engine: 2 x 700 Hp*Max Cruising Speed: 35 Knots*Fuel capacity: 1.000 L*Water capacity: 500 L*Generator: Yes', '1 double bed*4 single beds*3 bathrooms*Air Conditioning*Wi-Fi*Fridge*Galley stove & oven*Water sport equipment upon request'),
('Ferretti 59', 'http://localhost:3001/yachts/cover/ferretti59Cover.jpeg', '12 daily 6 weekly', 3, 2, 'Lenght: 18,33m / 60 ft*Beam: 5,25m*Engine: 2 x 1050 Hp Man*Cruising Speed: 22 - 24 Knots*Max cruising speed: 33 Knots*Fuel capacity: 3.500 L*Water capacity: 1.000 L*Generator: 1 x 1,75 Kw Kohler', '1 master bedroom with en-suite facilities*1 VIP bedroom with en-suite facilities*1 twin cabin with sharing facilities*Ample fly bridge*Large sun deck*Air conditioning*Wi-Fi*Fridge*Ice maker*Coffee maker*Induction cooktop*Water sport equipment upon request'),
('Ferretti 68', 'http://localhost:3001/yachts/cover/ferretti68Cover.jpeg', '12 daily 6 weekly', 3, 3, 'Lenght: 21,10m / 68 ft*Beam: 5,63m*Engine: 2 x 1200 Hp Man*Cruising Speed: 22 - 24 Knots*Max cruising speed: 30 Knots*Fuel capacity: 4.600 L*Water capacity: 1.000 L*Generator: 1 x 1,75 Kw Kohler', '1 master bedroom with en-suite facilities*1 VIP bedroom with en-suite facilities*1 twin cabin with en-suite facilities*Ample interior dining area*Aft deck dining table*Sun deck*Air conditioning*Wi-Fi*Fridge*Ice maker*Galley stove & oven*Water sport equipment upon request'),
('Paraschos 52', 'http://localhost:3001/yachts/cover/paraschos52Cover.jpeg', '8 weekly', 3, 3, 'Built: Russia 2002*Rebuilt: Greece 2015*Lenght: 16,70m / 52 ft*Beam: 4,67m*Engine: 1 x 52 Yanmar*Cruising Speed: 9 Knots*Fuel capacity: 935 L*Water capacity: 800 L*Generator: 1 x 4,5 Kw', '4 bedrooms with double beds*2 cabins with private WC/shower for each one*2 cabins with shared WC/shower*Spacious saloon*Plasma TV*Stereo system*Air conditioning*Wi-Fi*Fridge*Galley stove & oven*Water sport equipment upon request'),
('Princess 40', 'http://localhost:3001/yachts/cover/princess40Cover.jpeg', '8 daily 2 weekly', 1, 2, 'Built: 2000*Refit: 2019*Lenght: 12,98m / 40 ft*Beam: 3,96m*Engine: 2 x 350 Hp Volvo Penta*Cruising / Max Speed: 21 - 31 Knots*Max cruising speed: 30 Knots*Fuel capacity: 1.000 L*Water capacity: 500 L*Generator: 1 x 9 Kw / 220V AC-12V', '1 master bedroom with double bed*2 toilets & 1 shower*Air conditioning*Audio system*Outside & inside speakers*BBQ*Fully equipped kitchen*Water sport equipment upon request'),
('Princess 65', 'http://localhost:3001/yachts/cover/princess65Cover.jpeg', '12 daily 6-8 weekly', 4, 3, 'Refit: 2018 and 2020*Lenght: 20,56m / 66,37 ft*Beam: 5,08m*Engine: 2 x 1.050 Hp Man*Cruising speed: 22 - 24 Knots*Max cruising speed: 30 - 32 Knots*Fuel capacity: 3.600 L*Water capacity: 1.000 L*Generator: 11 Kw', '1 master bedroom with en-suite facilities*1 VIP bedroom with en-suite facilities*1 twin cabin & 1 pullman cabin sharing facilities*Air conditioning*Wi-Fi*Sound system*Ice maker*3 fridges*Rowboat*Sundeck*Water sport equipment upon request'),
('Swell Lagoon 42', 'http://localhost:3001/yachts/cover/lagoon42Cover.jpeg', '17 daily 8 weekly', 5, 3, 'Year: 2008*Lenght: 12,61m / 42 ft*Beam: 3,96m*Engine: 2 x 40 Hp*Cruising / Max Speed: 8 - 12 Knots*Fuel capacity: 600 L*Water capacity: 700 L*Generator: Yes', '4 double cabins*2 crew cabins*4 toilets + 1 crew WC*Air conditioning*Wi-Fi*BBQ*Fridge*Galley stove & oven*Sundeck*Water sport equipment upon request');

INSERT INTO MyconianLuxury.yachts_imgs (url, yachts_name) 
VALUES 
('http://localhost:3001/yachts/Alphamarine50/alphamarine5001.jpg', 'Alphamarine 50'),
('http://localhost:3001/yachts/Alphamarine50/alphamarine5002.jpg', 'Alphamarine 50'),
('http://localhost:3001/yachts/Alphamarine50/alphamarine5003.jpg', 'Alphamarine 50'),
('http://localhost:3001/yachts/Alphamarine50/alphamarine5004.jpg', 'Alphamarine 50'),
('http://localhost:3001/yachts/Alphamarine50/alphamarine5005.jpg', 'Alphamarine 50'),
('http://localhost:3001/yachts/Alphamarine50/alphamarine5006.jpg', 'Alphamarine 50'),
('http://localhost:3001/yachts/Alphamarine50/alphamarine5007.jpg', 'Alphamarine 50'),
('http://localhost:3001/yachts/Alphamarine50/alphamarine5008.jpg', 'Alphamarine 50'),
('http://localhost:3001/yachts/Alphamarine50/alphamarine5009.jpg', 'Alphamarine 50'),
('http://localhost:3001/yachts/Alphamarine50/alphamarine5010.jpg', 'Alphamarine 50'),
('http://localhost:3001/yachts/Alphamarine50/alphamarine5011.jpg', 'Alphamarine 50'),
('http://localhost:3001/yachts/Alphamarine50/alphamarine5012.jpg', 'Alphamarine 50'),
('http://localhost:3001/yachts/Alphamarine50/alphamarine5013.jpg', 'Alphamarine 50'),
('http://localhost:3001/yachts/Alphamarine50/alphamarine5014.jpg', 'Alphamarine 50'),
('http://localhost:3001/yachts/Alphamarine50/alphamarine5015.jpg', 'Alphamarine 50'),
('http://localhost:3001/yachts/Alphamarine50/alphamarine5016.jpg', 'Alphamarine 50'),
('http://localhost:3001/yachts/Ferretti59/ferretti5901.jpg', 'Ferretti 59'),
('http://localhost:3001/yachts/Ferretti59/ferretti5902.jpg', 'Ferretti 59'),
('http://localhost:3001/yachts/Ferretti59/ferretti5903.jpg', 'Ferretti 59'),
('http://localhost:3001/yachts/Ferretti59/ferretti5904.jpg', 'Ferretti 59'),
('http://localhost:3001/yachts/Ferretti59/ferretti5905.jpg', 'Ferretti 59'),
('http://localhost:3001/yachts/Ferretti59/ferretti5906.jpg', 'Ferretti 59'),
('http://localhost:3001/yachts/Ferretti59/ferretti5907.jpg', 'Ferretti 59'),
('http://localhost:3001/yachts/Ferretti59/ferretti5908.jpg', 'Ferretti 59'),
('http://localhost:3001/yachts/Ferretti59/ferretti5909.jpg', 'Ferretti 59'),
('http://localhost:3001/yachts/Ferretti59/ferretti5910.jpg', 'Ferretti 59'),
('http://localhost:3001/yachts/Ferretti59/ferretti5911.jpg', 'Ferretti 59'),
('http://localhost:3001/yachts/Ferretti59/ferretti5912.jpg', 'Ferretti 59'),
('http://localhost:3001/yachts/Ferretti59/ferretti5913.jpg', 'Ferretti 59'),
('http://localhost:3001/yachts/Ferretti59/ferretti5914.jpg', 'Ferretti 59'),
('http://localhost:3001/yachts/Ferretti59/ferretti5915.jpg', 'Ferretti 59'),
('http://localhost:3001/yachts/Ferretti59/ferretti5916.jpg', 'Ferretti 59'),
('http://localhost:3001/yachts/Ferretti59/ferretti5917.jpg', 'Ferretti 59'),
('http://localhost:3001/yachts/Ferretti68/ferretti6801.jpg', 'Ferretti 68'),
('http://localhost:3001/yachts/Ferretti68/ferretti6802.jpg', 'Ferretti 68'),
('http://localhost:3001/yachts/Ferretti68/ferretti6803.jpg', 'Ferretti 68'),
('http://localhost:3001/yachts/Ferretti68/ferretti6804.jpg', 'Ferretti 68'),
('http://localhost:3001/yachts/Ferretti68/ferretti6805.jpg', 'Ferretti 68'),
('http://localhost:3001/yachts/Ferretti68/ferretti6806.jpg', 'Ferretti 68'),
('http://localhost:3001/yachts/Ferretti68/ferretti6807.jpg', 'Ferretti 68'),
('http://localhost:3001/yachts/Ferretti68/ferretti6808.jpg', 'Ferretti 68'),
('http://localhost:3001/yachts/Ferretti68/ferretti6809.jpg', 'Ferretti 68'),
('http://localhost:3001/yachts/Ferretti68/ferretti6810.jpg', 'Ferretti 68'),
('http://localhost:3001/yachts/Ferretti68/ferretti6811.jpg', 'Ferretti 68'),
('http://localhost:3001/yachts/Ferretti68/ferretti6812.jpg', 'Ferretti 68'),
('http://localhost:3001/yachts/Ferretti68/ferretti6813.jpg', 'Ferretti 68'),
('http://localhost:3001/yachts/Ferretti68/ferretti6814.jpg', 'Ferretti 68'),
('http://localhost:3001/yachts/Paraschos52/paraschos5201.jpg', 'Paraschos 52'),
('http://localhost:3001/yachts/Paraschos52/paraschos5202.jpg', 'Paraschos 52'),
('http://localhost:3001/yachts/Paraschos52/paraschos5203.jpg', 'Paraschos 52'),
('http://localhost:3001/yachts/Paraschos52/paraschos5204.jpg', 'Paraschos 52'),
('http://localhost:3001/yachts/Paraschos52/paraschos5205.jpg', 'Paraschos 52'),
('http://localhost:3001/yachts/Paraschos52/paraschos5206.jpg', 'Paraschos 52'),
('http://localhost:3001/yachts/Paraschos52/paraschos5207.jpg', 'Paraschos 52'),
('http://localhost:3001/yachts/Paraschos52/paraschos5208.jpg', 'Paraschos 52'),
('http://localhost:3001/yachts/Paraschos52/paraschos5209.jpg', 'Paraschos 52'),
('http://localhost:3001/yachts/Paraschos52/paraschos5210.jpg', 'Paraschos 52'),
('http://localhost:3001/yachts/Paraschos52/paraschos5211.jpg', 'Paraschos 52'),
('http://localhost:3001/yachts/Paraschos52/paraschos5212.jpg', 'Paraschos 52'),
('http://localhost:3001/yachts/Princess40/princess4001.jpg', 'Princess 40'),
('http://localhost:3001/yachts/Princess40/princess4002.jpg', 'Princess 40'),
('http://localhost:3001/yachts/Princess40/princess4003.jpg', 'Princess 40'),
('http://localhost:3001/yachts/Princess40/princess4004.jpg', 'Princess 40'),
('http://localhost:3001/yachts/Princess65/princess6501.jpg', 'Princess 65'),
('http://localhost:3001/yachts/Princess65/princess6502.jpg', 'Princess 65'),
('http://localhost:3001/yachts/Princess65/princess6503.jpg', 'Princess 65'),
('http://localhost:3001/yachts/Princess65/princess6504.jpg', 'Princess 65'),
('http://localhost:3001/yachts/Princess65/princess6505.jpg', 'Princess 65'),
('http://localhost:3001/yachts/Princess65/princess6506.jpg', 'Princess 65'),
('http://localhost:3001/yachts/Princess65/princess6507.jpg', 'Princess 65'),
('http://localhost:3001/yachts/Princess65/princess6508.jpg', 'Princess 65'),
('http://localhost:3001/yachts/Princess65/princess6509.jpg', 'Princess 65'),
('http://localhost:3001/yachts/Princess65/princess6510.jpg', 'Princess 65'),
('http://localhost:3001/yachts/Princess65/princess6511.jpg', 'Princess 65'),
('http://localhost:3001/yachts/Princess65/princess6512.jpg', 'Princess 65'),
('http://localhost:3001/yachts/Princess65/princess6513.jpg', 'Princess 65'),
('http://localhost:3001/yachts/Princess65/princess6514.jpg', 'Princess 65'),
('http://localhost:3001/yachts/Princess65/princess6515.jpg', 'Princess 65'),
('http://localhost:3001/yachts/Princess65/princess6516.jpg', 'Princess 65'),
('http://localhost:3001/yachts/Princess65/princess6517.jpg', 'Princess 65'),
('http://localhost:3001/yachts/Princess65/princess6518.jpg', 'Princess 65'),
('http://localhost:3001/yachts/Princess65/princess6519.jpg', 'Princess 65'),
('http://localhost:3001/yachts/Princess65/princess6520.jpg', 'Princess 65'),
('http://localhost:3001/yachts/SwellLagoon42/lagoon4201.jpg', 'Swell Lagoon 42'),
('http://localhost:3001/yachts/SwellLagoon42/lagoon4202.jpg', 'Swell Lagoon 42'),
('http://localhost:3001/yachts/SwellLagoon42/lagoon4203.jpg', 'Swell Lagoon 42'),
('http://localhost:3001/yachts/SwellLagoon42/lagoon4204.jpg', 'Swell Lagoon 42'),
('http://localhost:3001/yachts/SwellLagoon42/lagoon4205.jpg', 'Swell Lagoon 42'),
('http://localhost:3001/yachts/SwellLagoon42/lagoon4206.jpg', 'Swell Lagoon 42'),
('http://localhost:3001/yachts/SwellLagoon42/lagoon4207.jpg', 'Swell Lagoon 42'),
('http://localhost:3001/yachts/SwellLagoon42/lagoon4208.jpg', 'Swell Lagoon 42'),
('http://localhost:3001/yachts/SwellLagoon42/lagoon4209.jpg', 'Swell Lagoon 42'),
('http://localhost:3001/yachts/SwellLagoon42/lagoon4210.jpg', 'Swell Lagoon 42'),
('http://localhost:3001/yachts/SwellLagoon42/lagoon4211.jpg', 'Swell Lagoon 42'),
('http://localhost:3001/yachts/SwellLagoon42/lagoon4212.jpg', 'Swell Lagoon 42');